Occupation,Area Name,Employment,Employment percent relative standard error,Hourly mean wage,Annual mean wage,Wage percent relative standard error,Hourly 10th percentile wage,Hourly 25th percentile wage,Hourly median wage,Hourly 75th percentile wage,Hourly 90th percentile wage,Annual 10th percentile wage,Annual 25th percentile wage,Annual median wage,Annual 75th percentile wage,Annual 90th percentile wage,"Employment per 1,000 jobs",Location Quotient
Database Administrators (SOC code 15-1242),Alabama (01-00000),"1,990.00",10.00,44.68,"92,930.00",1.90,27.22,34.70,42.58,54.76,63.54,"56,610.00","72,170.00","88,560.00","113,890.00","132,170.00",0.95,2.01
Database Administrators (SOC code 15-1242),Alaska (02-00000),90.00,11.00,46.44,"96,600.00",4.30,30.86,35.88,44.80,52.22,66.90,"64,180.00","74,630.00","93,180.00","108,620.00","139,160.00",0.27,0.56
Database Administrators (SOC code 15-1242),Arizona (04-00000),"1,330.00",10.40,46.80,"97,340.00",1.90,24.64,34.75,46.31,56.91,70.30,"51,240.00","72,270.00","96,320.00","118,370.00","146,220.00",0.41,0.88
Database Administrators (SOC code 15-1242),Arkansas (05-00000),600.00,9.60,39.80,"82,780.00",4.00,18.34,23.81,38.32,48.97,69.91,"38,150.00","49,530.00","79,710.00","101,850.00","145,410.00",0.46,0.97
Database Administrators (SOC code 15-1242),California (06-00000),"8,360.00",6.00,57.24,"119,060.00",1.70,30.38,40.67,53.41,71.64,84.59,"63,190.00","84,590.00","111,090.00","149,010.00","175,950.00",0.46,0.98
Database Administrators (SOC code 15-1242),Colorado (08-00000),"1,400.00",12.60,55.75,"115,970.00",4.10,30.10,38.86,57.67,68.39,79.52,"62,610.00","80,830.00","119,940.00","142,250.00","165,390.00",0.48,1.02
Database Administrators (SOC code 15-1242),Connecticut (09-00000),770.00,5.90,49.71,"103,400.00",2.50,27.76,35.60,49.03,62.97,73.52,"57,740.00","74,040.00","101,990.00","130,970.00","152,920.00",0.46,0.96
Database Administrators (SOC code 15-1242),Delaware (10-00000),730.00,6.20,50.89,"105,850.00",2.40,30.44,38.23,48.19,62.68,77.98,"63,310.00","79,510.00","100,240.00","130,370.00","162,200.00",1.53,3.23
Database Administrators (SOC code 15-1242),District of Columbia (11-00000),550.00,16.90,57.92,"120,470.00",6.20,33.27,44.44,61.75,71.10,74.33,"69,200.00","92,440.00","128,440.00","147,890.00","154,610.00",0.77,1.63
Database Administrators (SOC code 15-1242),Florida (12-00000),"4,080.00",5.00,49.47,"102,900.00",2.20,24.70,31.39,47.07,63.52,76.37,"51,370.00","65,300.00","97,900.00","132,120.00","158,860.00",0.42,0.88
Database Administrators (SOC code 15-1242),Georgia (13-00000),"3,020.00",7.90,50.76,"105,590.00",2.80,23.43,37.00,51.01,64.37,73.31,"48,730.00","76,950.00","106,100.00","133,900.00","152,480.00",0.62,1.31
Database Administrators (SOC code 15-1242),Hawaii (15-00000),110.00,9.90,46.82,"97,380.00",3.40,27.51,36.97,44.91,60.09,64.31,"57,220.00","76,890.00","93,400.00","124,990.00","133,750.00",0.17,0.36
Database Administrators (SOC code 15-1242),Idaho (16-00000),160.00,8.60,42.52,"88,440.00",1.90,25.00,29.49,37.87,54.76,70.64,"52,000.00","61,340.00","78,780.00","113,900.00","146,920.00",0.19,0.39
Database Administrators (SOC code 15-1242),Illinois (17-00000),"2,290.00",7.20,51.80,"107,750.00",2.60,26.05,34.39,48.59,64.27,79.95,"54,190.00","71,530.00","101,070.00","133,680.00","166,300.00",0.38,0.80
Database Administrators (SOC code 15-1242),Indiana (18-00000),"1,180.00",6.00,41.10,"85,480.00",4.10,19.21,29.07,40.19,50.18,63.57,"39,970.00","60,460.00","83,600.00","104,370.00","132,220.00",0.37,0.78
Database Administrators (SOC code 15-1242),Iowa (19-00000),380.00,6.80,48.80,"101,500.00",3.10,27.34,36.09,46.96,60.57,74.08,"56,870.00","75,060.00","97,690.00","125,980.00","154,080.00",0.24,0.51
Database Administrators (SOC code 15-1242),Kansas (20-00000),560.00,18.00,56.85,"118,250.00",10.00,29.00,37.85,54.20,70.93,97.11,"60,320.00","78,720.00","112,740.00","147,530.00","201,980.00",0.39,0.83
Database Administrators (SOC code 15-1242),Kentucky (21-00000),770.00,13.90,41.58,"86,490.00",3.80,21.50,26.62,40.38,51.72,64.23,"44,710.00","55,370.00","83,980.00","107,570.00","133,590.00",0.39,0.82
Database Administrators (SOC code 15-1242),Louisiana (22-00000),240.00,16.90,42.90,"89,230.00",6.50,23.22,28.97,41.55,52.10,65.19,"48,290.00","60,250.00","86,420.00","108,360.00","135,600.00",0.13,0.27
Database Administrators (SOC code 15-1242),Maine (23-00000),230.00,9.10,39.53,"82,210.00",3.00,22.90,27.99,37.01,49.62,58.29,"47,630.00","58,220.00","76,980.00","103,220.00","121,230.00",0.37,0.78
Database Administrators (SOC code 15-1242),Maryland (24-00000),"2,640.00",14.80,59.82,"124,430.00",4.50,35.63,45.69,58.71,68.70,80.67,"74,110.00","95,040.00","122,110.00","142,890.00","167,780.00",0.96,2.03
Database Administrators (SOC code 15-1242),Massachusetts (25-00000),"1,940.00",5.30,53.89,"112,090.00",1.80,29.38,38.89,56.45,66.37,77.81,"61,110.00","80,900.00","117,420.00","138,040.00","161,840.00",0.53,1.12
Database Administrators (SOC code 15-1242),Michigan (26-00000),"1,190.00",7.90,46.95,"97,660.00",4.30,24.85,32.12,47.06,59.81,72.43,"51,680.00","66,800.00","97,880.00","124,400.00","150,650.00",0.27,0.57
Database Administrators (SOC code 15-1242),Minnesota (27-00000),970.00,7.50,48.56,"101,010.00",2.00,28.83,34.71,46.75,62.24,71.77,"59,970.00","72,190.00","97,230.00","129,470.00","149,280.00",0.33,0.70
Database Administrators (SOC code 15-1242),Mississippi (28-00000),230.00,9.20,40.78,"84,830.00",2.40,25.54,31.19,41.55,47.47,58.82,"53,110.00","64,870.00","86,420.00","98,740.00","122,350.00",0.20,0.42
Database Administrators (SOC code 15-1242),Missouri (29-00000),"1,400.00",10.30,45.67,"94,990.00",3.90,23.04,30.35,42.12,59.99,71.84,"47,910.00","63,130.00","87,600.00","124,770.00","149,420.00",0.48,1.01
Database Administrators (SOC code 15-1242),Montana (30-00000),240.00,10.70,39.94,"83,070.00",1.90,30.15,35.08,38.92,42.96,48.67,"62,700.00","72,960.00","80,960.00","89,360.00","101,230.00",0.48,1.01
Database Administrators (SOC code 15-1242),Nebraska (31-00000),540.00,8.20,46.19,"96,080.00",2.60,28.39,34.68,44.46,56.88,65.12,"59,050.00","72,140.00","92,470.00","118,320.00","135,450.00",0.54,1.13
Database Administrators (SOC code 15-1242),Nevada (32-00000),470.00,23.70,42.29,"87,960.00",12.80,18.63,23.55,41.82,55.70,65.76,"38,740.00","48,980.00","86,980.00","115,850.00","136,780.00",0.31,0.64
Database Administrators (SOC code 15-1242),New Hampshire (33-00000),230.00,24.90,52.50,"109,190.00",5.40,28.15,36.79,58.57,65.20,71.69,"58,550.00","76,510.00","121,820.00","135,610.00","149,120.00",0.34,0.72
Database Administrators (SOC code 15-1242),New Jersey (34-00000),"2,060.00",8.20,60.90,"126,670.00",2.70,36.49,47.32,62.01,76.12,82.17,"75,890.00","98,430.00","128,970.00","158,320.00","170,910.00",0.49,1.02
Database Administrators (SOC code 15-1242),New Mexico (35-00000),520.00,7.30,45.42,"94,480.00",2.50,29.86,34.90,45.60,50.28,62.50,"62,100.00","72,600.00","94,850.00","104,590.00","130,010.00",0.61,1.28
Database Administrators (SOC code 15-1242),New York (36-00000),"3,680.00",6.70,54.36,"113,070.00",2.30,29.63,38.13,51.41,65.65,83.62,"61,630.00","79,310.00","106,940.00","136,550.00","173,930.00",0.38,0.81
Database Administrators (SOC code 15-1242),North Carolina (37-00000),"1,990.00",24.50,51.03,"106,140.00",10.10,28.19,36.02,52.13,63.12,73.14,"58,640.00","74,920.00","108,430.00","131,290.00","152,140.00",0.41,0.86
Database Administrators (SOC code 15-1242),North Dakota (38-00000),90.00,7.40,41.32,"85,950.00",3.10,25.12,28.58,36.73,48.29,63.35,"52,250.00","59,450.00","76,400.00","100,440.00","131,780.00",0.21,0.43
Database Administrators (SOC code 15-1242),Ohio (39-00000),"1,770.00",5.00,46.35,"96,400.00",2.40,24.81,35.58,45.20,59.54,67.32,"51,590.00","74,010.00","94,020.00","123,840.00","140,020.00",0.32,0.67
Database Administrators (SOC code 15-1242),Oklahoma (40-00000),660.00,8.40,42.03,"87,430.00",2.10,21.15,28.84,37.01,56.82,64.65,"43,990.00","59,990.00","76,980.00","118,180.00","134,470.00",0.39,0.82
Database Administrators (SOC code 15-1242),Oregon (41-00000),930.00,9.20,50.50,"105,050.00",2.50,27.99,37.92,49.35,62.66,70.13,"58,230.00","78,880.00","102,650.00","130,330.00","145,870.00",0.47,1.00
Database Administrators (SOC code 15-1242),Pennsylvania (42-00000),"5,000.00",48.70,50.53,"105,100.00",3.30,31.24,43.89,51.83,52.70,67.01,"64,980.00","91,280.00","107,800.00","109,610.00","139,370.00",0.83,1.75
Database Administrators (SOC code 15-1242),Puerto Rico (72-00000),230.00,10.60,27.86,"57,950.00",5.20,17.32,20.75,23.66,33.19,43.09,"36,020.00","43,160.00","49,210.00","69,040.00","89,640.00",0.24,0.51
Database Administrators (SOC code 15-1242),Rhode Island (44-00000),320.00,21.30,50.05,"104,100.00",10.40,29.59,33.76,49.91,61.81,75.91,"61,540.00","70,220.00","103,810.00","128,560.00","157,900.00",0.64,1.36
Database Administrators (SOC code 15-1242),South Carolina (45-00000),660.00,7.10,48.02,"99,890.00",2.90,26.86,34.59,44.55,60.66,74.85,"55,880.00","71,940.00","92,670.00","126,170.00","155,690.00",0.29,0.62
Database Administrators (SOC code 15-1242),South Dakota (46-00000),150.00,6.90,42.12,"87,610.00",1.80,25.94,36.24,41.30,49.46,53.42,"53,950.00","75,380.00","85,890.00","102,880.00","111,110.00",0.32,0.68
Database Administrators (SOC code 15-1242),Tennessee (47-00000),"1,440.00",9.10,48.39,"100,650.00",4.30,22.79,33.71,48.87,62.75,74.09,"47,390.00","70,120.00","101,640.00","130,520.00","154,110.00",0.44,0.92
Database Administrators (SOC code 15-1242),Texas (48-00000),"6,110.00",6.50,52.56,"109,330.00",2.00,24.99,37.94,52.88,65.27,77.14,"51,980.00","78,920.00","109,990.00","135,770.00","160,440.00",0.44,0.93
Database Administrators (SOC code 15-1242),Utah (49-00000),800.00,8.60,50.51,"105,050.00",2.90,29.80,34.06,47.06,66.17,76.62,"61,990.00","70,840.00","97,890.00","137,630.00","159,380.00",0.47,0.99
Database Administrators (SOC code 15-1242),Vermont (50-00000),120.00,19.30,48.07,"99,980.00",5.20,32.21,38.87,49.12,56.64,62.33,"66,990.00","80,850.00","102,170.00","117,800.00","129,650.00",0.41,0.86
Database Administrators (SOC code 15-1242),Virginia (51-00000),"4,210.00",7.20,54.71,"113,810.00",4.10,26.27,35.00,50.48,70.60,85.85,"54,640.00","72,810.00","105,000.00","146,850.00","178,560.00",1.03,2.18
Database Administrators (SOC code 15-1242),Washington (53-00000),"2,190.00",13.70,56.73,"118,000.00",3.10,31.72,41.27,55.14,71.27,80.27,"65,980.00","85,840.00","114,700.00","148,240.00","166,950.00",0.62,1.30
Database Administrators (SOC code 15-1242),West Virginia (54-00000),230.00,21.80,35.35,"73,530.00",4.90,24.28,26.63,31.43,39.76,54.56,"50,490.00","55,380.00","65,380.00","82,700.00","113,480.00",0.33,0.69
Database Administrators (SOC code 15-1242),Wisconsin (55-00000),"1,380.00",8.80,50.26,"104,550.00",3.30,29.64,36.98,47.56,60.97,77.00,"61,640.00","76,910.00","98,920.00","126,810.00","160,150.00",0.47,1.00
Database Administrators (SOC code 15-1242),Wyoming (56-00000),100.00,10.90,35.24,"73,300.00",4.30,18.94,26.15,33.65,42.90,54.49,"39,400.00","54,400.00","69,980.00","89,240.00","113,340.00",0.38,0.79
Database Architects (SOC code 15-1243),Alabama (01-00000),310.00,33.60,56.50,"117,510.00",3.50,35.78,42.89,53.52,64.70,83.89,"74,410.00","89,210.00","111,330.00","134,580.00","174,490.00",0.15,0.35
Database Architects (SOC code 15-1243),Alaska (02-00000),40.00,26.00,53.64,"111,570.00",6.80,31.86,38.81,54.71,60.71,84.04,"66,260.00","80,720.00","113,800.00","126,270.00","174,800.00",0.13,0.31
Database Architects (SOC code 15-1243),Arizona (04-00000),850.00,6.00,64.94,"135,080.00",2.10,37.98,50.19,62.80,78.12,87.76,"79,010.00","104,390.00","130,620.00","162,490.00","182,540.00",0.27,0.64
Database Architects (SOC code 15-1243),Arkansas (05-00000),330.00,9.20,52.59,"109,380.00",2.40,30.97,39.66,48.56,61.48,78.91,"64,420.00","82,490.00","101,000.00","127,880.00","164,140.00",0.26,0.61
Database Architects (SOC code 15-1243),California (06-00000),"5,850.00",7.10,78.28,"162,820.00",4.50,42.83,60.09,76.51,90.51,108.82,"89,080.00","124,990.00","159,130.00","188,260.00","226,340.00",0.32,0.77
Database Architects (SOC code 15-1243),Colorado (08-00000),"2,140.00",17.90,73.53,"152,940.00",2.90,46.74,60.33,72.82,86.01,107.64,"97,210.00","125,490.00","151,460.00","178,900.00","223,890.00",0.74,1.76
Database Architects (SOC code 15-1243),Connecticut (09-00000),700.00,7.00,71.11,"147,910.00",2.50,50.73,58.82,70.87,79.85,93.78,"105,510.00","122,340.00","147,400.00","166,090.00","195,060.00",0.41,0.99
Database Architects (SOC code 15-1243),Delaware (10-00000),8.00,8.00,72.14,"150,060.00",3.70,53.07,68.27,70.40,75.00,95.18,"110,380.00","142,000.00","146,430.00","156,000.00","197,970.00",8.00,8.00
Database Architects (SOC code 15-1243),District of Columbia (11-00000),800.00,18.90,76.22,"158,550.00",3.70,50.81,60.51,75.52,88.24,104.84,"105,680.00","125,860.00","157,080.00","183,530.00","218,080.00",1.12,2.67
Database Architects (SOC code 15-1243),Florida (12-00000),"2,040.00",8.70,66.48,"138,280.00",3.50,37.75,50.48,63.96,80.00,96.97,"78,520.00","105,000.00","133,040.00","166,410.00","201,700.00",0.21,0.49
Database Architects (SOC code 15-1243),Georgia (13-00000),"2,930.00",4.80,68.07,"141,590.00",0.90,45.96,60.11,65.04,81.44,87.44,"95,600.00","125,020.00","135,280.00","169,400.00","181,880.00",0.60,1.43
Database Architects (SOC code 15-1243),Hawaii (15-00000),70.00,23.10,72.21,"150,190.00",4.70,46.26,62.50,71.87,79.65,87.51,"96,210.00","130,010.00","149,500.00","165,670.00","182,010.00",0.11,0.25
Database Architects (SOC code 15-1243),Idaho (16-00000),350.00,23.40,62.61,"130,240.00",8.00,38.04,43.24,60.59,83.57,87.58,"79,130.00","89,950.00","126,030.00","173,830.00","182,170.00",0.42,0.99
Database Architects (SOC code 15-1243),Illinois (17-00000),"1,460.00",8.10,65.56,"136,370.00",2.50,39.59,50.17,64.66,78.19,90.66,"82,350.00","104,350.00","134,490.00","162,640.00","188,570.00",0.24,0.57
Database Architects (SOC code 15-1243),Indiana (18-00000),670.00,22.30,63.53,"132,150.00",3.80,39.74,52.35,64.01,75.62,79.58,"82,660.00","108,880.00","133,150.00","157,300.00","165,520.00",0.21,0.50
Database Architects (SOC code 15-1243),Iowa (19-00000),280.00,12.60,60.05,"124,910.00",4.60,39.93,50.98,63.16,69.09,79.34,"83,050.00","106,050.00","131,370.00","143,700.00","165,030.00",0.18,0.43
Database Architects (SOC code 15-1243),Kansas (20-00000),390.00,35.60,60.09,"124,980.00",13.20,39.56,49.15,62.05,64.82,76.91,"82,280.00","102,240.00","129,060.00","134,830.00","159,970.00",0.27,0.65
Database Architects (SOC code 15-1243),Kentucky (21-00000),510.00,11.90,53.08,"110,400.00",4.10,27.39,34.16,49.31,67.30,79.47,"56,960.00","71,050.00","102,560.00","139,990.00","165,290.00",0.25,0.61
Database Architects (SOC code 15-1243),Louisiana (22-00000),350.00,24.60,8.00,8.00,8.00,8.00,8.00,8.00,8.00,8.00,8.00,8.00,8.00,8.00,8.00,0.18,0.44
Database Architects (SOC code 15-1243),Maine (23-00000),250.00,31.50,64.52,"134,200.00",10.60,38.89,48.56,74.42,74.42,74.97,"80,900.00","101,010.00","154,790.00","154,790.00","155,930.00",0.39,0.93
Database Architects (SOC code 15-1243),Maryland (24-00000),"1,420.00",17.10,68.76,"143,020.00",7.10,38.62,52.47,67.65,83.26,95.36,"80,330.00","109,150.00","140,710.00","173,180.00","198,350.00",0.52,1.23
Database Architects (SOC code 15-1243),Massachusetts (25-00000),"1,720.00",12.90,77.40,"161,000.00",3.40,52.16,63.57,77.48,86.50,100.51,"108,500.00","132,230.00","161,160.00","179,910.00","209,050.00",0.47,1.12
Database Architects (SOC code 15-1243),Michigan (26-00000),"1,150.00",10.00,56.54,"117,600.00",3.60,34.09,44.59,58.08,68.69,80.35,"70,910.00","92,740.00","120,810.00","142,870.00","167,120.00",0.26,0.62
Database Architects (SOC code 15-1243),Minnesota (27-00000),910.00,7.90,61.41,"127,730.00",2.10,43.54,51.28,62.70,69.31,78.63,"90,560.00","106,650.00","130,420.00","144,160.00","163,540.00",0.31,0.74
Database Architects (SOC code 15-1243),Mississippi (28-00000),110.00,15.10,44.42,"92,400.00",2.40,22.93,35.24,43.74,54.16,64.11,"47,690.00","73,300.00","90,980.00","112,660.00","133,350.00",0.09,0.22
Database Architects (SOC code 15-1243),Missouri (29-00000),"1,840.00",10.40,54.20,"112,730.00",2.10,29.77,37.85,52.32,65.34,79.67,"61,920.00","78,720.00","108,820.00","135,910.00","165,710.00",0.63,1.50
Database Architects (SOC code 15-1243),Montana (30-00000),50.00,27.80,59.85,"124,500.00",9.30,36.95,39.20,55.89,79.61,87.70,"76,850.00","81,540.00","116,250.00","165,580.00","182,420.00",0.10,0.24
Database Architects (SOC code 15-1243),Nebraska (31-00000),590.00,10.90,62.38,"129,750.00",2.80,43.25,50.77,63.62,69.42,81.45,"89,970.00","105,600.00","132,320.00","144,390.00","169,420.00",0.58,1.39
Database Architects (SOC code 15-1243),Nevada (32-00000),320.00,14.00,59.62,"124,010.00",6.40,22.22,39.30,62.68,71.03,98.48,"46,210.00","81,740.00","130,360.00","147,740.00","204,840.00",0.21,0.50
Database Architects (SOC code 15-1243),New Jersey (34-00000),"2,530.00",7.50,69.36,"144,260.00",2.10,42.57,49.90,69.18,80.90,100.17,"88,550.00","103,790.00","143,900.00","168,280.00","208,360.00",0.60,1.42
Database Architects (SOC code 15-1243),New Mexico (35-00000),130.00,24.80,56.55,"117,620.00",8.90,32.99,46.80,57.75,67.41,74.59,"68,620.00","97,340.00","120,120.00","140,210.00","155,140.00",0.15,0.35
Database Architects (SOC code 15-1243),New York (36-00000),"4,180.00",5.80,66.27,"137,840.00",2.00,37.94,48.12,61.67,81.91,98.96,"78,910.00","100,080.00","128,270.00","170,370.00","205,830.00",0.44,1.04
Database Architects (SOC code 15-1243),North Carolina (37-00000),"4,060.00",19.00,62.38,"129,750.00",2.30,37.70,49.69,62.77,73.49,82.45,"78,420.00","103,360.00","130,560.00","152,860.00","171,500.00",0.83,1.97
Database Architects (SOC code 15-1243),North Dakota (38-00000),50.00,7.90,54.24,"112,830.00",1.10,47.54,49.56,55.83,58.67,61.53,"98,870.00","103,080.00","116,120.00","122,040.00","127,980.00",0.11,0.26
Database Architects (SOC code 15-1243),Ohio (39-00000),"2,230.00",6.00,64.02,"133,170.00",2.30,41.38,51.37,62.42,73.68,83.56,"86,070.00","106,850.00","129,840.00","153,260.00","173,810.00",0.40,0.96
Database Architects (SOC code 15-1243),Oklahoma (40-00000),730.00,21.10,64.36,"133,880.00",8.60,33.95,44.47,63.64,86.56,86.59,"70,610.00","92,500.00","132,360.00","180,040.00","180,100.00",0.43,1.03
Database Architects (SOC code 15-1243),Oregon (41-00000),710.00,15.80,70.93,"147,530.00",3.90,47.04,57.16,67.14,84.55,93.93,"97,840.00","118,890.00","139,660.00","175,860.00","195,380.00",0.36,0.86
Database Architects (SOC code 15-1243),Pennsylvania (42-00000),"2,240.00",6.60,62.56,"130,130.00",2.20,35.70,49.87,62.04,75.11,85.57,"74,260.00","103,740.00","129,040.00","156,220.00","177,980.00",0.37,0.88
Database Architects (SOC code 15-1243),Puerto Rico (72-00000),80.00,27.50,37.58,"78,160.00",4.80,24.61,29.90,37.16,46.00,50.91,"51,180.00","62,190.00","77,300.00","95,690.00","105,890.00",0.09,0.21
Database Architects (SOC code 15-1243),Rhode Island (44-00000),190.00,27.50,71.80,"149,350.00",10.20,47.49,59.99,65.63,88.50,106.00,"98,790.00","124,770.00","136,510.00","184,070.00","220,490.00",0.39,0.93
Database Architects (SOC code 15-1243),South Carolina (45-00000),730.00,9.00,61.70,"128,340.00",3.00,37.13,47.02,61.75,76.57,85.51,"77,230.00","97,800.00","128,440.00","159,270.00","177,860.00",0.32,0.77
Database Architects (SOC code 15-1243),South Dakota (46-00000),60.00,23.90,58.28,"121,220.00",2.90,46.93,50.96,61.28,64.62,67.68,"97,620.00","106,000.00","127,460.00","134,410.00","140,780.00",0.12,0.29
Database Architects (SOC code 15-1243),Tennessee (47-00000),680.00,14.30,60.50,"125,840.00",3.30,34.02,48.32,61.75,71.58,82.42,"70,770.00","100,510.00","128,440.00","148,890.00","171,430.00",0.21,0.50
Database Architects (SOC code 15-1243),Texas (48-00000),"6,330.00",8.50,65.83,"136,930.00",2.00,37.74,51.38,64.33,77.91,86.92,"78,500.00","106,880.00","133,800.00","162,060.00","180,800.00",0.46,1.09
Database Architects (SOC code 15-1243),Utah (49-00000),630.00,34.60,64.65,"134,470.00",6.60,42.69,48.42,61.43,76.41,91.34,"88,780.00","100,710.00","127,770.00","158,930.00","189,990.00",0.37,0.88
Database Architects (SOC code 15-1243),Vermont (50-00000),50.00,26.80,8.00,8.00,8.00,8.00,8.00,8.00,8.00,8.00,8.00,8.00,8.00,8.00,8.00,0.15,0.36
Database Architects (SOC code 15-1243),Virginia (51-00000),"7,140.00",10.00,8.00,8.00,8.00,8.00,8.00,8.00,8.00,8.00,8.00,8.00,8.00,8.00,8.00,1.75,4.18
Database Architects (SOC code 15-1243),Washington (53-00000),"2,490.00",39.50,70.93,"147,540.00",7.20,43.55,55.68,69.26,83.16,98.96,"90,580.00","115,820.00","144,050.00","172,970.00","205,830.00",0.70,1.67
Database Architects (SOC code 15-1243),West Virginia (54-00000),270.00,11.20,63.79,"132,690.00",4.30,30.42,44.33,75.77,77.28,87.48,"63,270.00","92,210.00","157,590.00","160,740.00","181,960.00",0.39,0.92
Database Architects (SOC code 15-1243),Wisconsin (55-00000),360.00,8.40,67.68,"140,770.00",1.20,48.67,59.82,66.79,76.89,85.44,"101,240.00","124,420.00","138,930.00","159,930.00","177,720.00",0.12,0.29
Database Architects (SOC code 15-1243),Wyoming (56-00000),130.00,21.40,33.12,"68,880.00",28.10,25.40,27.39,30.17,34.01,37.21,"52,830.00","56,970.00","62,760.00","70,730.00","77,390.00",0.45,1.07
Data Scientists (SOC code 15-2051),Alabama (01-00000),"1,620.00",18.80,49.51,"102,970.00",4.00,29.72,36.63,50.68,61.66,71.14,"61,810.00","76,180.00","105,410.00","128,250.00","147,980.00",0.77,0.51
Data Scientists (SOC code 15-2051),Alaska (02-00000),210.00,9.90,42.64,"88,690.00",3.70,22.92,26.94,37.21,56.00,64.98,"47,670.00","56,020.00","77,400.00","116,470.00","135,160.00",0.65,0.43
Data Scientists (SOC code 15-2051),Arizona (04-00000),"4,080.00",14.10,54.07,"112,460.00",2.80,32.17,39.02,51.00,64.67,79.39,"66,910.00","81,170.00","106,080.00","134,510.00","165,120.00",1.27,0.84
Data Scientists (SOC code 15-2051),Arkansas (05-00000),470.00,30.00,50.27,"104,560.00",6.00,27.80,39.60,50.15,60.28,78.90,"57,830.00","82,370.00","104,320.00","125,390.00","164,120.00",0.37,0.24
Data Scientists (SOC code 15-2051),California (06-00000),"36,850.00",3.20,74.74,"155,450.00",3.20,35.29,47.34,65.77,85.33,106.29,"73,390.00","98,460.00","136,800.00","177,480.00","221,080.00",2.04,1.35
Data Scientists (SOC code 15-2051),Colorado (08-00000),"6,750.00",7.00,56.85,"118,250.00",3.10,32.37,41.62,51.20,63.89,82.70,"67,330.00","86,560.00","106,500.00","132,890.00","172,010.00",2.33,1.54
Data Scientists (SOC code 15-2051),Connecticut (09-00000),"1,630.00",9.90,57.82,"120,270.00",2.20,31.36,45.75,52.87,67.66,86.97,"65,220.00","95,160.00","109,960.00","140,740.00","180,890.00",0.97,0.64
Data Scientists (SOC code 15-2051),Delaware (10-00000),540.00,8.50,8.00,8.00,8.00,8.00,8.00,8.00,8.00,8.00,8.00,8.00,8.00,8.00,8.00,1.13,0.75
Data Scientists (SOC code 15-2051),District of Columbia (11-00000),"3,580.00",13.40,71.24,"148,170.00",5.10,39.52,49.25,65.92,100.29,100.29,"82,210.00","102,440.00","137,120.00","208,600.00","208,600.00",5.05,3.33
Data Scientists (SOC code 15-2051),Florida (12-00000),"9,480.00",6.40,56.57,"117,670.00",2.60,28.58,38.29,50.88,65.16,93.04,"59,440.00","79,650.00","105,820.00","135,530.00","193,530.00",0.96,0.64
Data Scientists (SOC code 15-2051),Georgia (13-00000),"7,730.00",4.50,53.38,"111,020.00",1.20,30.44,38.90,49.34,64.15,79.80,"63,320.00","80,920.00","102,630.00","133,430.00","165,980.00",1.59,1.05
Data Scientists (SOC code 15-2051),Hawaii (15-00000),240.00,16.20,59.87,"124,530.00",6.10,40.00,42.95,59.56,75.26,82.76,"83,200.00","89,340.00","123,880.00","156,540.00","172,150.00",0.38,0.25
Data Scientists (SOC code 15-2051),Idaho (16-00000),980.00,10.20,57.89,"120,410.00",5.50,32.47,37.96,52.57,70.03,94.74,"67,550.00","78,960.00","109,340.00","145,670.00","197,050.00",1.16,0.76
Data Scientists (SOC code 15-2051),Illinois (17-00000),"7,390.00",6.40,57.22,"119,010.00",1.40,31.45,39.43,54.56,70.74,82.80,"65,420.00","82,010.00","113,490.00","147,130.00","172,220.00",1.22,0.80
Data Scientists (SOC code 15-2051),Indiana (18-00000),"3,120.00",6.10,44.53,"92,620.00",3.80,24.93,32.12,40.41,53.26,64.71,"51,860.00","66,800.00","84,050.00","110,770.00","134,600.00",0.98,0.65
Data Scientists (SOC code 15-2051),Iowa (19-00000),"2,330.00",5.20,46.78,"97,300.00",2.20,26.58,33.13,47.10,60.73,67.61,"55,290.00","68,910.00","97,980.00","126,310.00","140,620.00",1.49,0.98
Data Scientists (SOC code 15-2051),Kansas (20-00000),340.00,19.10,51.59,"107,300.00",8.50,22.09,39.96,53.04,63.52,71.56,"45,940.00","83,120.00","110,320.00","132,130.00","148,850.00",0.24,0.16
Data Scientists (SOC code 15-2051),Kentucky (21-00000),"1,700.00",12.40,48.28,"100,410.00",4.20,27.95,35.63,44.95,59.21,77.15,"58,130.00","74,110.00","93,490.00","123,150.00","160,460.00",0.85,0.56
Data Scientists (SOC code 15-2051),Louisiana (22-00000),"1,120.00",9.50,34.49,"71,740.00",3.10,24.00,26.96,33.91,38.91,44.84,"49,920.00","56,070.00","70,530.00","80,940.00","93,260.00",0.58,0.39
Data Scientists (SOC code 15-2051),Maine (23-00000),"1,040.00",15.00,48.99,"101,890.00",5.80,27.94,36.55,45.36,61.17,68.44,"58,120.00","76,020.00","94,350.00","127,230.00","142,350.00",1.64,1.08
Data Scientists (SOC code 15-2051),Maryland (24-00000),"3,400.00",10.30,65.08,"135,370.00",5.00,37.13,47.04,59.78,77.39,95.68,"77,230.00","97,850.00","124,340.00","160,980.00","199,020.00",1.24,0.82
Data Scientists (SOC code 15-2051),Massachusetts (25-00000),"9,990.00",7.50,67.15,"139,670.00",1.90,38.82,49.58,63.58,80.63,96.53,"80,740.00","103,130.00","132,250.00","167,710.00","200,770.00",2.74,1.81
Data Scientists (SOC code 15-2051),Michigan (26-00000),"6,450.00",4.10,49.05,"102,030.00",1.90,28.78,37.70,47.82,59.65,70.25,"59,860.00","78,410.00","99,470.00","124,070.00","146,120.00",1.47,0.97
Data Scientists (SOC code 15-2051),Minnesota (27-00000),"3,500.00",7.20,56.79,"118,110.00",3.20,28.34,40.87,56.65,69.33,82.34,"58,940.00","85,000.00","117,840.00","144,200.00","171,260.00",1.20,0.79
Data Scientists (SOC code 15-2051),Mississippi (28-00000),270.00,9.60,37.42,"77,830.00",3.50,20.65,25.95,33.38,46.71,53.85,"42,950.00","53,980.00","69,430.00","97,150.00","112,010.00",0.23,0.15
Data Scientists (SOC code 15-2051),Missouri (29-00000),"4,350.00",13.90,45.82,"95,310.00",3.80,24.87,29.77,41.14,59.22,73.38,"51,720.00","61,910.00","85,570.00","123,180.00","152,630.00",1.49,0.99
Data Scientists (SOC code 15-2051),Montana (30-00000),200.00,18.50,53.60,"111,490.00",5.20,36.36,43.72,51.37,55.11,78.11,"75,620.00","90,930.00","106,860.00","114,620.00","162,470.00",0.39,0.26
Data Scientists (SOC code 15-2051),Nebraska (31-00000),"1,850.00",9.50,46.98,"97,720.00",0.90,32.34,39.14,46.38,52.38,62.82,"67,270.00","81,400.00","96,470.00","108,940.00","130,670.00",1.82,1.20
Data Scientists (SOC code 15-2051),Nevada (32-00000),"1,230.00",8.10,47.51,"98,820.00",2.90,25.80,32.46,44.86,58.75,72.01,"53,670.00","67,520.00","93,310.00","122,200.00","149,780.00",0.80,0.53
Data Scientists (SOC code 15-2051),New Hampshire (33-00000),870.00,9.00,49.15,"102,230.00",2.20,30.97,37.76,47.58,59.87,70.07,"64,410.00","78,550.00","98,970.00","124,520.00","145,740.00",1.28,0.84
Data Scientists (SOC code 15-2051),New Jersey (34-00000),"5,860.00",7.50,63.36,"131,800.00",2.10,35.95,47.22,62.68,77.80,88.71,"74,780.00","98,220.00","130,370.00","161,830.00","184,520.00",1.38,0.91
Data Scientists (SOC code 15-2051),New Mexico (35-00000),510.00,16.60,41.60,"86,520.00",4.20,21.56,29.96,40.88,50.14,60.21,"44,840.00","62,310.00","85,040.00","104,290.00","125,230.00",0.59,0.39
Data Scientists (SOC code 15-2051),New York (36-00000),"20,070.00",4.30,64.16,"133,450.00",2.70,31.32,40.29,60.29,80.71,101.86,"65,150.00","83,800.00","125,400.00","167,880.00","211,860.00",2.10,1.39
Data Scientists (SOC code 15-2051),North Carolina (37-00000),"10,140.00",7.90,56.74,"118,020.00",4.00,28.00,38.58,55.47,70.60,83.26,"58,240.00","80,240.00","115,380.00","146,850.00","173,170.00",2.07,1.37
Data Scientists (SOC code 15-2051),North Dakota (38-00000),320.00,20.40,45.25,"94,130.00",5.60,27.91,35.91,46.26,57.82,59.29,"58,050.00","74,690.00","96,230.00","120,270.00","123,310.00",0.75,0.49
Data Scientists (SOC code 15-2051),Ohio (39-00000),"5,510.00",3.80,48.20,"100,260.00",2.20,25.73,34.45,47.41,60.80,73.11,"53,510.00","71,660.00","98,620.00","126,470.00","152,070.00",1.00,0.66
Data Scientists (SOC code 15-2051),Oklahoma (40-00000),"2,160.00",8.40,43.24,"89,940.00",3.80,26.41,31.97,38.64,51.69,70.28,"54,930.00","66,500.00","80,380.00","107,520.00","146,190.00",1.28,0.84
Data Scientists (SOC code 15-2051),Oregon (41-00000),"2,650.00",15.50,59.65,"124,060.00",3.60,33.93,45.24,51.01,74.15,92.38,"70,570.00","94,100.00","106,100.00","154,240.00","192,150.00",1.35,0.89
Data Scientists (SOC code 15-2051),Pennsylvania (42-00000),"10,430.00",5.00,51.66,"107,450.00",1.20,29.42,36.64,48.23,62.30,79.50,"61,190.00","76,220.00","100,320.00","129,590.00","165,360.00",1.73,1.15
Data Scientists (SOC code 15-2051),Puerto Rico (72-00000),120.00,13.30,34.79,"72,370.00",2.80,19.76,28.84,33.98,41.06,45.37,"41,110.00","59,990.00","70,690.00","85,400.00","94,380.00",0.12,0.08
Data Scientists (SOC code 15-2051),Rhode Island (44-00000),"1,190.00",14.90,57.41,"119,400.00",4.70,33.65,42.36,54.99,68.61,87.24,"69,990.00","88,100.00","114,390.00","142,710.00","181,460.00",2.41,1.59
Data Scientists (SOC code 15-2051),South Carolina (45-00000),"2,810.00",15.30,46.62,"96,970.00",4.80,27.42,35.12,43.59,52.22,72.37,"57,030.00","73,050.00","90,660.00","108,610.00","150,520.00",1.24,0.82
Data Scientists (SOC code 15-2051),South Dakota (46-00000),270.00,12.70,44.45,"92,460.00",1.80,29.92,37.79,44.23,52.86,56.67,"62,240.00","78,590.00","92,000.00","109,940.00","117,880.00",0.59,0.39
Data Scientists (SOC code 15-2051),Tennessee (47-00000),"2,550.00",9.10,55.21,"114,830.00",4.50,29.79,39.45,50.34,66.29,91.35,"61,960.00","82,060.00","104,700.00","137,880.00","190,000.00",0.78,0.51
Data Scientists (SOC code 15-2051),Texas (48-00000),"23,420.00",4.90,55.19,"114,800.00",1.40,29.44,39.01,51.22,66.15,81.40,"61,230.00","81,140.00","106,540.00","137,590.00","169,310.00",1.69,1.12
Data Scientists (SOC code 15-2051),Utah (49-00000),"4,830.00",8.00,57.52,"119,640.00",3.40,27.75,37.90,55.97,81.73,83.35,"57,720.00","78,840.00","116,420.00","170,000.00","173,370.00",2.83,1.87
Data Scientists (SOC code 15-2051),Vermont (50-00000),210.00,37.30,57.51,"119,630.00",4.30,35.70,39.95,58.01,69.97,75.85,"74,260.00","83,090.00","120,670.00","145,530.00","157,760.00",0.70,0.46
Data Scientists (SOC code 15-2051),Virginia (51-00000),"6,200.00",3.80,63.57,"132,230.00",1.30,37.78,45.49,60.61,79.51,94.92,"78,570.00","94,630.00","126,070.00","165,370.00","197,430.00",1.52,1.01
Data Scientists (SOC code 15-2051),Washington (53-00000),"7,930.00",10.20,78.24,"162,730.00",4.10,44.56,52.18,76.33,95.97,109.02,"92,680.00","108,530.00","158,760.00","199,620.00","226,760.00",2.24,1.48
Data Scientists (SOC code 15-2051),West Virginia (54-00000),220.00,12.40,49.41,"102,770.00",6.00,23.56,34.73,46.04,57.13,79.64,"49,000.00","72,250.00","95,760.00","118,820.00","165,660.00",0.32,0.21
Data Scientists (SOC code 15-2051),Wisconsin (55-00000),"3,640.00",5.20,50.74,"105,540.00",1.30,35.53,39.54,48.09,60.08,71.24,"73,900.00","82,230.00","100,020.00","124,960.00","148,180.00",1.24,0.82
Data Scientists (SOC code 15-2051),Wyoming (56-00000),8.00,8.00,41.10,"85,480.00",15.40,23.65,23.65,46.08,46.81,62.44,"49,190.00","49,190.00","95,840.00","97,370.00","129,880.00",8.00,8.00
Operations Research Analysts (SOC code 15-2031),Alabama (01-00000),500.00,2.70,56.91,"118,370.00",0.70,29.97,43.47,56.51,70.62,82.59,"62,340.00","90,420.00","117,540.00","146,890.00","171,790.00",0.24,0.34
Operations Research Analysts (SOC code 15-2031),Alaska (02-00000),60.00,8.90,49.44,"102,840.00",0.90,36.57,42.75,48.06,53.19,60.71,"76,060.00","88,930.00","99,960.00","110,640.00","126,270.00",0.19,0.27
Operations Research Analysts (SOC code 15-2031),Arizona (04-00000),"2,170.00",12.00,41.59,"86,510.00",3.80,24.41,31.01,40.14,49.04,61.48,"50,760.00","64,510.00","83,500.00","102,000.00","127,880.00",0.68,0.97
Operations Research Analysts (SOC code 15-2031),Arkansas (05-00000),140.00,21.90,36.38,"75,670.00",5.80,23.43,26.31,36.37,43.21,47.21,"48,720.00","54,720.00","75,650.00","89,870.00","98,200.00",0.11,0.16
Operations Research Analysts (SOC code 15-2031),California (06-00000),"11,030.00",4.50,52.03,"108,220.00",1.10,30.67,36.80,46.60,61.40,80.37,"63,790.00","76,540.00","96,920.00","127,710.00","167,170.00",0.61,0.87
Operations Research Analysts (SOC code 15-2031),Colorado (08-00000),910.00,9.60,52.58,"109,360.00",3.80,29.49,36.24,50.27,66.67,79.12,"61,350.00","75,370.00","104,560.00","138,680.00","164,580.00",0.31,0.45
Operations Research Analysts (SOC code 15-2031),Connecticut (09-00000),"1,020.00",11.70,46.50,"96,720.00",3.10,29.96,37.17,47.70,54.85,61.68,"62,310.00","77,310.00","99,210.00","114,090.00","128,290.00",0.61,0.87
Operations Research Analysts (SOC code 15-2031),Delaware (10-00000),600.00,4.00,49.70,"103,380.00",1.00,29.09,35.81,48.66,61.86,69.85,"60,510.00","74,480.00","101,210.00","128,670.00","145,290.00",1.25,1.79
Operations Research Analysts (SOC code 15-2031),District of Columbia (11-00000),"2,190.00",13.40,59.56,"123,890.00",4.80,30.04,37.25,55.76,80.42,94.79,"62,490.00","77,470.00","115,980.00","167,270.00","197,160.00",3.09,4.42
Operations Research Analysts (SOC code 15-2031),Florida (12-00000),"8,230.00",3.70,40.59,"84,420.00",1.60,21.60,28.05,37.34,49.28,62.19,"44,930.00","58,340.00","77,670.00","102,500.00","129,360.00",0.84,1.20
Operations Research Analysts (SOC code 15-2031),Georgia (13-00000),"4,450.00",5.20,39.21,"81,560.00",1.70,23.68,27.88,35.53,48.56,63.23,"49,250.00","57,980.00","73,890.00","101,000.00","131,530.00",0.92,1.31
Operations Research Analysts (SOC code 15-2031),Hawaii (15-00000),110.00,18.20,48.12,"100,090.00",3.90,28.76,32.75,46.94,59.56,75.05,"59,810.00","68,120.00","97,630.00","123,880.00","156,100.00",0.19,0.26
Operations Research Analysts (SOC code 15-2031),Idaho (16-00000),500.00,8.10,41.36,"86,030.00",2.30,23.55,28.77,37.24,48.32,70.65,"48,980.00","59,840.00","77,460.00","100,500.00","146,960.00",0.59,0.85
Operations Research Analysts (SOC code 15-2031),Illinois (17-00000),"5,020.00",11.40,53.00,"110,230.00",5.90,29.56,37.28,49.40,62.57,79.87,"61,480.00","77,540.00","102,750.00","130,140.00","166,130.00",0.83,1.18
Operations Research Analysts (SOC code 15-2031),Indiana (18-00000),"1,660.00",4.70,44.25,"92,040.00",1.10,27.89,31.35,40.46,51.29,64.33,"58,010.00","65,200.00","84,150.00","106,680.00","133,810.00",0.52,0.75
Operations Research Analysts (SOC code 15-2031),Iowa (19-00000),350.00,36.40,43.02,"89,480.00",14.90,18.56,28.71,37.57,56.69,65.72,"38,600.00","59,730.00","78,140.00","117,920.00","136,700.00",0.22,0.32
Operations Research Analysts (SOC code 15-2031),Kansas (20-00000),550.00,36.20,48.01,"99,860.00",1.20,29.28,38.77,47.95,59.15,67.35,"60,900.00","80,630.00","99,740.00","123,030.00","140,090.00",0.39,0.55
Operations Research Analysts (SOC code 15-2031),Kentucky (21-00000),920.00,11.80,42.78,"88,980.00",2.60,27.36,30.85,39.31,49.46,61.15,"56,910.00","64,170.00","81,760.00","102,870.00","127,200.00",0.46,0.66
Operations Research Analysts (SOC code 15-2031),Louisiana (22-00000),730.00,9.20,34.12,"70,970.00",4.40,26.30,27.96,30.89,33.62,48.01,"54,700.00","58,150.00","64,240.00","69,920.00","99,860.00",0.38,0.55
Operations Research Analysts (SOC code 15-2031),Maine (23-00000),360.00,15.50,45.55,"94,740.00",5.10,28.98,35.47,43.47,55.30,65.81,"60,270.00","73,780.00","90,420.00","115,020.00","136,890.00",0.57,0.82
Operations Research Analysts (SOC code 15-2031),Maryland (24-00000),"4,280.00",16.80,51.07,"106,230.00",5.30,22.60,34.03,48.55,69.00,84.88,"47,010.00","70,780.00","100,990.00","143,520.00","176,550.00",1.56,2.23
Operations Research Analysts (SOC code 15-2031),Massachusetts (25-00000),"4,860.00",11.10,47.52,"98,830.00",2.10,31.92,37.09,43.28,54.47,69.66,"66,390.00","77,150.00","90,030.00","113,290.00","144,900.00",1.33,1.91
Operations Research Analysts (SOC code 15-2031),Michigan (26-00000),"1,050.00",10.60,45.77,"95,200.00",4.10,29.72,34.97,40.43,50.31,70.54,"61,830.00","72,730.00","84,100.00","104,640.00","146,730.00",0.24,0.34
Operations Research Analysts (SOC code 15-2031),Minnesota (27-00000),"1,300.00",7.70,46.94,"97,620.00",2.00,29.09,35.46,42.90,52.78,64.92,"60,510.00","73,750.00","89,240.00","109,780.00","135,030.00",0.45,0.64
Operations Research Analysts (SOC code 15-2031),Mississippi (28-00000),130.00,7.30,41.54,"86,390.00",2.60,24.06,29.91,42.09,48.02,60.71,"50,050.00","62,210.00","87,550.00","99,880.00","126,280.00",0.11,0.16
Operations Research Analysts (SOC code 15-2031),Missouri (29-00000),"2,010.00",6.50,31.89,"66,330.00",2.00,22.28,22.39,26.75,33.87,57.69,"46,340.00","46,570.00","55,640.00","70,450.00","119,990.00",0.69,0.98
Operations Research Analysts (SOC code 15-2031),Montana (30-00000),160.00,6.50,36.17,"75,230.00",1.40,29.58,29.58,34.30,38.60,48.11,"61,520.00","61,520.00","71,350.00","80,290.00","100,070.00",0.31,0.44
Operations Research Analysts (SOC code 15-2031),Nebraska (31-00000),290.00,14.50,46.53,"96,790.00",2.60,28.25,31.43,46.63,57.69,69.72,"58,760.00","65,380.00","96,990.00","120,000.00","145,030.00",0.29,0.41
Operations Research Analysts (SOC code 15-2031),Nevada (32-00000),350.00,26.00,45.13,"93,880.00",5.40,29.66,33.30,39.48,55.71,69.95,"61,690.00","69,250.00","82,120.00","115,880.00","145,500.00",0.23,0.32
Operations Research Analysts (SOC code 15-2031),New Hampshire (33-00000),230.00,14.60,44.41,"92,380.00",6.70,27.71,34.93,41.53,51.88,64.43,"57,630.00","72,650.00","86,380.00","107,900.00","134,010.00",0.33,0.48
Operations Research Analysts (SOC code 15-2031),New Jersey (34-00000),"2,630.00",34.70,53.84,"111,990.00",2.20,32.32,38.85,48.66,64.96,78.32,"67,220.00","80,800.00","101,220.00","135,120.00","162,900.00",0.62,0.89
Operations Research Analysts (SOC code 15-2031),New Mexico (35-00000),500.00,12.70,43.91,"91,340.00",2.40,23.56,30.79,37.47,54.34,69.06,"49,000.00","64,030.00","77,930.00","113,030.00","143,640.00",0.58,0.83
Operations Research Analysts (SOC code 15-2031),New York (36-00000),"6,020.00",7.70,56.30,"117,110.00",3.40,25.61,36.62,52.62,67.38,87.13,"53,270.00","76,180.00","109,440.00","140,150.00","181,240.00",0.63,0.90
Operations Research Analysts (SOC code 15-2031),North Carolina (37-00000),"2,520.00",3.40,47.55,"98,910.00",1.10,28.68,34.79,48.38,59.68,62.67,"59,650.00","72,360.00","100,630.00","124,130.00","130,350.00",0.51,0.74
Operations Research Analysts (SOC code 15-2031),North Dakota (38-00000),140.00,7.90,39.16,"81,460.00",2.10,24.93,30.71,38.50,45.90,49.39,"51,860.00","63,870.00","80,080.00","95,460.00","102,730.00",0.32,0.46
Operations Research Analysts (SOC code 15-2031),Ohio (39-00000),"2,970.00",12.80,48.64,"101,160.00",2.70,27.77,35.66,50.29,60.09,65.10,"57,770.00","74,160.00","104,610.00","124,980.00","135,400.00",0.54,0.77
Operations Research Analysts (SOC code 15-2031),Oklahoma (40-00000),"1,510.00",1.90,30.67,"63,790.00",1.10,19.40,25.01,30.06,30.83,46.30,"40,360.00","52,030.00","62,510.00","64,130.00","96,300.00",0.89,1.28
Operations Research Analysts (SOC code 15-2031),Oregon (41-00000),"2,590.00",5.10,48.87,"101,650.00",1.50,31.36,37.51,47.71,61.11,67.83,"65,230.00","78,020.00","99,250.00","127,100.00","141,080.00",1.32,1.89
Operations Research Analysts (SOC code 15-2031),Pennsylvania (42-00000),"3,030.00",3.70,41.10,"85,490.00",1.80,24.68,28.19,36.42,49.00,64.90,"51,330.00","58,620.00","75,760.00","101,910.00","134,990.00",0.50,0.72
Operations Research Analysts (SOC code 15-2031),Puerto Rico (72-00000),60.00,38.50,33.19,"69,040.00",10.40,19.62,24.70,29.79,42.74,44.54,"40,820.00","51,370.00","61,950.00","88,910.00","92,640.00",0.06,0.09
Operations Research Analysts (SOC code 15-2031),Rhode Island (44-00000),270.00,25.40,52.68,"109,570.00",19.20,28.61,28.67,41.41,74.81,96.15,"59,500.00","59,630.00","86,120.00","155,600.00","199,990.00",0.54,0.77
Operations Research Analysts (SOC code 15-2031),South Carolina (45-00000),"1,210.00",17.00,39.48,"82,120.00",3.10,26.04,29.53,36.00,46.83,58.12,"54,150.00","61,420.00","74,880.00","97,410.00","120,900.00",0.53,0.76
Operations Research Analysts (SOC code 15-2031),Tennessee (47-00000),"1,240.00",15.70,39.91,"83,020.00",4.90,24.20,27.45,36.23,50.21,61.68,"50,330.00","57,090.00","75,370.00","104,430.00","128,290.00",0.38,0.54
Operations Research Analysts (SOC code 15-2031),Texas (48-00000),"12,240.00",11.00,48.60,"101,100.00",4.00,26.97,31.76,46.47,57.72,83.36,"56,090.00","66,050.00","96,660.00","120,060.00","173,380.00",0.88,1.26
Operations Research Analysts (SOC code 15-2031),Utah (49-00000),"1,090.00",5.40,40.79,"84,840.00",2.60,20.81,29.20,39.54,49.05,59.80,"43,280.00","60,730.00","82,230.00","102,020.00","124,380.00",0.64,0.91
Operations Research Analysts (SOC code 15-2031),Vermont (50-00000),120.00,20.10,50.02,"104,040.00",8.60,30.35,36.41,52.31,63.51,64.91,"63,120.00","75,730.00","108,800.00","132,100.00","135,000.00",0.39,0.56
Operations Research Analysts (SOC code 15-2031),Virginia (51-00000),"6,320.00",5.30,58.98,"122,680.00",1.40,29.68,42.45,59.16,73.35,87.12,"61,730.00","88,290.00","123,050.00","152,560.00","181,210.00",1.55,2.22
Operations Research Analysts (SOC code 15-2031),Washington (53-00000),"2,850.00",7.50,50.81,"105,680.00",3.50,31.69,36.62,46.39,63.43,78.29,"65,920.00","76,180.00","96,490.00","131,930.00","162,830.00",0.80,1.15
Operations Research Analysts (SOC code 15-2031),West Virginia (54-00000),220.00,12.60,36.31,"75,510.00",3.30,22.79,29.41,30.65,41.45,54.34,"47,400.00","61,160.00","63,760.00","86,210.00","113,030.00",0.32,0.46
Operations Research Analysts (SOC code 15-2031),Wisconsin (55-00000),"4,080.00",4.30,37.92,"78,880.00",1.80,23.84,28.92,36.04,43.97,54.63,"49,580.00","60,150.00","74,970.00","91,450.00","113,640.00",1.39,2.00
Computer Systems Analysts (SOC code 15-1211),Alabama (01-00000),"6,830.00",7.10,54.06,"112,430.00",2.60,31.58,39.01,49.87,63.79,79.56,"65,690.00","81,130.00","103,730.00","132,670.00","165,490.00",3.27,1.01
Computer Systems Analysts (SOC code 15-1211),Alaska (02-00000),490.00,12.40,44.13,"91,780.00",3.20,28.17,36.52,40.77,51.40,61.66,"58,600.00","75,960.00","84,800.00","106,900.00","128,250.00",1.52,0.47
Computer Systems Analysts (SOC code 15-1211),Arizona (04-00000),"10,010.00",8.20,51.41,"106,930.00",3.70,29.96,38.71,48.91,62.22,78.52,"62,320.00","80,510.00","101,730.00","129,420.00","163,320.00",3.13,0.97
Computer Systems Analysts (SOC code 15-1211),Arkansas (05-00000),"3,600.00",16.80,33.80,"70,300.00",2.20,13.78,20.55,34.88,43.87,50.94,"28,660.00","42,750.00","72,540.00","91,250.00","105,950.00",2.79,0.86
Computer Systems Analysts (SOC code 15-1211),California (06-00000),"55,460.00",3.70,63.91,"132,940.00",0.90,37.54,47.99,61.37,77.31,94.65,"78,070.00","99,810.00","127,660.00","160,800.00","196,870.00",3.07,0.95
Computer Systems Analysts (SOC code 15-1211),Colorado (08-00000),"7,130.00",10.50,61.09,"127,060.00",2.20,38.00,47.71,59.62,72.83,83.92,"79,040.00","99,240.00","124,010.00","151,490.00","174,550.00",2.47,0.76
Computer Systems Analysts (SOC code 15-1211),Connecticut (09-00000),"6,050.00",4.10,52.41,"109,000.00",1.50,32.83,41.25,50.89,62.21,73.44,"68,290.00","85,800.00","105,860.00","129,400.00","152,760.00",3.60,1.11
Computer Systems Analysts (SOC code 15-1211),Delaware (10-00000),"2,940.00",6.30,53.19,"110,640.00",3.40,28.84,38.08,50.04,65.03,78.01,"59,990.00","79,200.00","104,070.00","135,250.00","162,250.00",6.17,1.91
Computer Systems Analysts (SOC code 15-1211),District of Columbia (11-00000),"1,590.00",17.00,59.48,"123,720.00",5.00,41.53,45.47,54.86,69.29,77.71,"86,390.00","94,580.00","114,110.00","144,120.00","161,640.00",2.24,0.69
Computer Systems Analysts (SOC code 15-1211),Florida (12-00000),"35,660.00",4.40,51.27,"106,640.00",1.20,29.31,37.68,48.45,62.31,76.00,"60,970.00","78,370.00","100,770.00","129,590.00","158,080.00",3.63,1.12
Computer Systems Analysts (SOC code 15-1211),Georgia (13-00000),"12,200.00",3.40,51.26,"106,610.00",1.30,29.13,38.50,49.70,62.31,76.67,"60,580.00","80,090.00","103,380.00","129,610.00","159,470.00",2.51,0.78
Computer Systems Analysts (SOC code 15-1211),Hawaii (15-00000),"1,860.00",10.30,44.33,"92,210.00",3.80,29.00,33.86,41.68,50.72,60.65,"60,320.00","70,430.00","86,700.00","105,510.00","126,160.00",3.00,0.93
Computer Systems Analysts (SOC code 15-1211),Idaho (16-00000),"2,230.00",16.50,36.55,"76,030.00",12.90,14.00,24.22,33.08,47.16,64.02,"29,130.00","50,370.00","68,810.00","98,090.00","133,160.00",2.64,0.82
Computer Systems Analysts (SOC code 15-1211),Illinois (17-00000),"22,350.00",9.30,46.42,"96,560.00",3.70,25.00,31.64,46.12,59.47,66.14,"52,000.00","65,800.00","95,920.00","123,700.00","137,580.00",3.68,1.14
Computer Systems Analysts (SOC code 15-1211),Indiana (18-00000),"9,540.00",5.10,48.55,"100,990.00",3.50,29.51,36.73,46.38,57.74,66.30,"61,380.00","76,390.00","96,470.00","120,110.00","137,900.00",2.99,0.93
Computer Systems Analysts (SOC code 15-1211),Iowa (19-00000),"4,490.00",7.70,44.87,"93,330.00",1.30,29.40,35.74,44.07,51.39,61.55,"61,150.00","74,340.00","91,670.00","106,890.00","128,030.00",2.87,0.89
Computer Systems Analysts (SOC code 15-1211),Kansas (20-00000),"4,090.00",6.50,49.14,"102,220.00",2.80,29.38,36.45,46.78,62.21,75.19,"61,120.00","75,810.00","97,300.00","129,390.00","156,400.00",2.86,0.88
Computer Systems Analysts (SOC code 15-1211),Kentucky (21-00000),"4,700.00",11.80,42.84,"89,100.00",5.50,21.74,28.92,39.07,51.00,72.77,"45,220.00","60,150.00","81,270.00","106,080.00","151,360.00",2.36,0.73
Computer Systems Analysts (SOC code 15-1211),Louisiana (22-00000),"2,510.00",9.40,45.92,"95,520.00",6.30,26.84,33.18,43.18,54.08,75.59,"55,820.00","69,010.00","89,800.00","112,480.00","157,220.00",1.31,0.41
Computer Systems Analysts (SOC code 15-1211),Maine (23-00000),"2,600.00",7.70,50.19,"104,400.00",3.30,30.80,37.10,47.43,59.89,85.83,"64,060.00","77,170.00","98,660.00","124,570.00","178,530.00",4.09,1.27
Computer Systems Analysts (SOC code 15-1211),Maryland (24-00000),"15,090.00",6.00,55.30,"115,010.00",2.30,32.01,40.29,49.62,68.04,81.15,"66,580.00","83,810.00","103,200.00","141,530.00","168,800.00",5.49,1.70
Computer Systems Analysts (SOC code 15-1211),Massachusetts (25-00000),"16,650.00",5.10,60.67,"126,190.00",2.00,37.96,47.14,58.45,71.95,82.53,"78,960.00","98,050.00","121,580.00","149,660.00","171,650.00",4.57,1.42
Computer Systems Analysts (SOC code 15-1211),Michigan (26-00000),"14,990.00",4.70,49.24,"102,420.00",1.10,30.67,38.45,48.19,58.73,64.05,"63,790.00","79,980.00","100,240.00","122,160.00","133,230.00",3.41,1.06
Computer Systems Analysts (SOC code 15-1211),Minnesota (27-00000),"10,580.00",2.60,53.53,"111,350.00",0.60,35.49,41.61,51.32,63.97,76.61,"73,810.00","86,550.00","106,740.00","133,050.00","159,350.00",3.62,1.12
Computer Systems Analysts (SOC code 15-1211),Mississippi (28-00000),"2,040.00",24.60,40.71,"84,670.00",3.00,22.76,30.30,39.84,46.88,59.52,"47,350.00","63,020.00","82,870.00","97,510.00","123,800.00",1.75,0.54
Computer Systems Analysts (SOC code 15-1211),Missouri (29-00000),"7,140.00",6.50,45.52,"94,680.00",2.70,23.01,30.87,44.59,58.30,67.36,"47,860.00","64,210.00","92,740.00","121,270.00","140,100.00",2.45,0.76
Computer Systems Analysts (SOC code 15-1211),Montana (30-00000),860.00,20.40,48.48,"100,840.00",9.40,28.89,35.07,42.82,52.61,81.00,"60,090.00","72,940.00","89,060.00","109,440.00","168,480.00",1.70,0.53
Computer Systems Analysts (SOC code 15-1211),Nebraska (31-00000),"2,250.00",11.30,45.64,"94,930.00",1.60,28.97,35.89,44.27,54.95,64.18,"60,250.00","74,660.00","92,090.00","114,290.00","133,500.00",2.21,0.68
Computer Systems Analysts (SOC code 15-1211),Nevada (32-00000),"2,500.00",11.50,48.54,"100,960.00",2.80,29.30,37.61,48.95,55.70,63.32,"60,930.00","78,230.00","101,810.00","115,850.00","131,700.00",1.63,0.51
Computer Systems Analysts (SOC code 15-1211),New Hampshire (33-00000),"2,390.00",23.10,52.69,"109,600.00",2.20,35.34,41.53,48.41,60.85,76.09,"73,510.00","86,380.00","100,700.00","126,580.00","158,260.00",3.50,1.08
Computer Systems Analysts (SOC code 15-1211),New Jersey (34-00000),"17,290.00",6.00,59.93,"124,650.00",3.70,34.04,44.32,59.44,77.62,83.33,"70,790.00","92,190.00","123,640.00","161,450.00","173,320.00",4.07,1.26
Computer Systems Analysts (SOC code 15-1211),New Mexico (35-00000),"2,500.00",9.40,46.50,"96,720.00",3.20,27.62,36.06,45.46,51.95,64.74,"57,450.00","75,010.00","94,570.00","108,060.00","134,670.00",2.90,0.90
Computer Systems Analysts (SOC code 15-1211),New York (36-00000),"20,950.00",7.80,55.41,"115,250.00",3.70,30.60,39.28,50.77,66.12,81.98,"63,650.00","81,690.00","105,610.00","137,540.00","170,510.00",2.20,0.68
Computer Systems Analysts (SOC code 15-1211),North Carolina (37-00000),"25,350.00",4.90,53.88,"112,060.00",2.10,31.86,40.21,50.45,63.27,78.49,"66,280.00","83,640.00","104,940.00","131,600.00","163,270.00",5.17,1.60
Computer Systems Analysts (SOC code 15-1211),North Dakota (38-00000),180.00,12.30,49.20,"102,340.00",1.90,34.05,41.33,46.32,56.35,64.36,"70,820.00","85,960.00","96,350.00","117,220.00","133,880.00",0.42,0.13
Computer Systems Analysts (SOC code 15-1211),Ohio (39-00000),"15,490.00",6.30,49.37,"102,700.00",2.20,29.52,37.40,47.59,61.15,72.36,"61,400.00","77,790.00","98,990.00","127,180.00","150,520.00",2.80,0.87
Computer Systems Analysts (SOC code 15-1211),Oklahoma (40-00000),"3,100.00",9.30,50.42,"104,880.00",4.60,29.56,37.55,48.29,61.99,79.05,"61,480.00","78,110.00","100,450.00","128,930.00","164,420.00",1.84,0.57
Computer Systems Analysts (SOC code 15-1211),Oregon (41-00000),"5,030.00",6.90,58.11,"120,860.00",2.10,38.58,47.92,53.43,64.00,79.68,"80,250.00","99,670.00","111,140.00","133,120.00","165,740.00",2.56,0.79
Computer Systems Analysts (SOC code 15-1211),Pennsylvania (42-00000),"15,400.00",5.80,47.88,"99,590.00",1.60,29.31,37.09,46.85,59.00,67.61,"60,970.00","77,150.00","97,450.00","122,720.00","140,630.00",2.56,0.79
Computer Systems Analysts (SOC code 15-1211),Puerto Rico (72-00000),"1,310.00",6.30,29.77,"61,920.00",1.30,17.52,22.76,29.78,37.50,40.18,"36,440.00","47,330.00","61,940.00","78,000.00","83,570.00",1.40,0.43
Computer Systems Analysts (SOC code 15-1211),Rhode Island (44-00000),"1,560.00",18.30,57.83,"120,290.00",1.80,36.12,44.19,54.32,65.35,81.14,"75,120.00","91,910.00","112,980.00","135,920.00","168,770.00",3.16,0.98
Computer Systems Analysts (SOC code 15-1211),South Carolina (45-00000),"7,290.00",6.70,47.40,"98,600.00",1.90,25.43,35.33,45.55,58.21,65.14,"52,890.00","73,490.00","94,740.00","121,090.00","135,490.00",3.21,0.99
Computer Systems Analysts (SOC code 15-1211),South Dakota (46-00000),"1,050.00",17.20,49.06,"102,040.00",4.00,32.57,37.77,46.08,56.32,73.81,"67,750.00","78,560.00","95,850.00","117,140.00","153,520.00",2.32,0.72
Computer Systems Analysts (SOC code 15-1211),Tennessee (47-00000),"9,820.00",6.90,43.25,"89,960.00",3.70,25.90,28.84,39.63,52.88,63.79,"53,870.00","59,990.00","82,430.00","109,990.00","132,690.00",3.00,0.93
Computer Systems Analysts (SOC code 15-1211),Texas (48-00000),"48,150.00",5.10,54.98,"114,350.00",1.50,31.92,39.50,50.47,65.04,79.90,"66,400.00","82,170.00","104,970.00","135,270.00","166,200.00",3.48,1.08
Computer Systems Analysts (SOC code 15-1211),Utah (49-00000),"2,810.00",6.10,46.34,"96,380.00",1.30,29.02,37.45,44.87,54.03,64.55,"60,360.00","77,900.00","93,330.00","112,380.00","134,260.00",1.64,0.51
Computer Systems Analysts (SOC code 15-1211),Vermont (50-00000),590.00,27.70,50.21,"104,440.00",3.90,34.24,39.15,47.45,57.46,61.83,"71,220.00","81,430.00","98,690.00","119,510.00","128,610.00",1.92,0.60
Computer Systems Analysts (SOC code 15-1211),Virgin Islands (78-00000),50.00,2.70,31.50,"65,530.00",2.50,24.36,25.46,27.24,36.67,43.91,"50,670.00","52,950.00","56,650.00","76,280.00","91,330.00",1.33,0.41
Computer Systems Analysts (SOC code 15-1211),Virginia (51-00000),"22,730.00",5.30,58.11,"120,880.00",2.10,34.52,42.95,54.57,71.47,88.08,"71,800.00","89,330.00","113,500.00","148,650.00","183,200.00",5.59,1.73
Computer Systems Analysts (SOC code 15-1211),Washington (53-00000),"18,230.00",6.50,64.29,"133,710.00",2.30,39.19,48.79,61.26,77.80,89.64,"81,520.00","101,470.00","127,420.00","161,820.00","186,450.00",5.15,1.59
Computer Systems Analysts (SOC code 15-1211),West Virginia (54-00000),"1,300.00",15.10,47.67,"99,150.00",3.50,28.26,37.60,47.62,58.73,66.86,"58,770.00","78,210.00","99,050.00","122,160.00","139,080.00",1.86,0.58
Computer Systems Analysts (SOC code 15-1211),Wisconsin (55-00000),"7,710.00",12.10,47.83,"99,490.00",1.50,30.91,38.06,47.50,56.72,62.58,"64,280.00","79,170.00","98,790.00","117,990.00","130,160.00",2.64,0.82
Computer Systems Analysts (SOC code 15-1211),Wyoming (56-00000),320.00,24.30,45.94,"95,560.00",7.80,21.72,35.47,42.69,51.71,68.87,"45,170.00","73,770.00","88,790.00","107,550.00","143,250.00",1.16,0.36
Information Security Analysts (SOC code 15-1212),Alabama (01-00000),"3,290.00",8.00,54.23,"112,800.00",3.00,29.34,38.40,53.42,66.48,79.39,"61,020.00","79,870.00","111,110.00","138,270.00","165,120.00",1.57,1.35
Information Security Analysts (SOC code 15-1212),Alaska (02-00000),210.00,31.10,53.80,"111,900.00",2.80,40.87,46.31,49.12,58.20,76.89,"85,010.00","96,320.00","102,170.00","121,060.00","159,930.00",0.65,0.56
Information Security Analysts (SOC code 15-1212),Arizona (04-00000),"4,170.00",8.50,59.51,"123,780.00",3.90,34.76,42.56,60.25,77.52,83.17,"72,300.00","88,520.00","125,320.00","161,250.00","173,000.00",1.30,1.12
Information Security Analysts (SOC code 15-1212),Arkansas (05-00000),"1,010.00",7.10,46.19,"96,080.00",2.00,27.72,32.11,44.98,60.36,62.96,"57,660.00","66,800.00","93,560.00","125,550.00","130,960.00",0.78,0.67
Information Security Analysts (SOC code 15-1212),California (06-00000),"15,800.00",5.20,73.38,"152,640.00",1.60,35.11,50.56,67.63,85.62,105.82,"73,030.00","105,150.00","140,660.00","178,090.00","220,100.00",0.88,0.75
Information Security Analysts (SOC code 15-1212),Colorado (08-00000),"5,840.00",5.50,65.38,"135,980.00",2.10,39.00,49.21,62.78,78.85,94.92,"81,120.00","102,350.00","130,570.00","164,010.00","197,440.00",2.02,1.74
Information Security Analysts (SOC code 15-1212),Connecticut (09-00000),"1,160.00",15.00,61.42,"127,740.00",2.80,40.77,45.80,62.74,73.28,81.51,"84,800.00","95,260.00","130,500.00","152,410.00","169,550.00",0.69,0.59
Information Security Analysts (SOC code 15-1212),Delaware (10-00000),630.00,6.30,62.91,"130,860.00",2.20,38.34,50.63,64.45,74.07,79.61,"79,750.00","105,310.00","134,050.00","154,060.00","165,600.00",1.31,1.13
Information Security Analysts (SOC code 15-1212),District of Columbia (11-00000),"2,010.00",25.00,63.84,"132,790.00",3.60,40.26,52.73,61.43,72.56,83.58,"83,730.00","109,680.00","127,760.00","150,920.00","173,840.00",2.84,2.44
Information Security Analysts (SOC code 15-1212),Florida (12-00000),"13,770.00",5.00,56.49,"117,500.00",1.70,34.58,41.47,50.96,66.90,80.73,"71,930.00","86,250.00","105,990.00","139,150.00","167,920.00",1.40,1.21
Information Security Analysts (SOC code 15-1212),Georgia (13-00000),"6,480.00",4.70,60.76,"126,380.00",2.30,35.38,44.53,59.75,75.19,82.63,"73,590.00","92,620.00","124,270.00","156,390.00","171,860.00",1.34,1.15
Information Security Analysts (SOC code 15-1212),Hawaii (15-00000),580.00,19.40,61.69,"128,310.00",6.00,33.13,47.95,60.47,74.20,102.02,"68,900.00","99,730.00","125,790.00","154,340.00","212,210.00",0.94,0.81
Information Security Analysts (SOC code 15-1212),Idaho (16-00000),870.00,9.10,70.14,"145,880.00",12.90,29.29,42.30,58.64,75.51,105.55,"60,920.00","87,980.00","121,970.00","157,060.00","219,530.00",1.03,0.88
Information Security Analysts (SOC code 15-1212),Illinois (17-00000),"4,560.00",4.90,57.47,"119,540.00",2.10,34.07,40.36,54.95,66.41,81.50,"70,870.00","83,960.00","114,300.00","138,130.00","169,520.00",0.75,0.65
Information Security Analysts (SOC code 15-1212),Indiana (18-00000),"2,540.00",33.70,44.11,"91,740.00",7.50,30.15,31.01,37.64,55.60,72.22,"62,710.00","64,500.00","78,290.00","115,650.00","150,220.00",0.80,0.68
Information Security Analysts (SOC code 15-1212),Iowa (19-00000),"1,180.00",9.50,56.11,"116,710.00",7.70,31.98,39.90,54.30,64.34,83.60,"66,520.00","82,990.00","112,950.00","133,830.00","173,890.00",0.76,0.65
Information Security Analysts (SOC code 15-1212),Kansas (20-00000),"1,380.00",13.20,48.48,"100,850.00",5.20,22.25,34.60,47.80,62.06,73.12,"46,270.00","71,960.00","99,420.00","129,080.00","152,080.00",0.96,0.83
Information Security Analysts (SOC code 15-1212),Kentucky (21-00000),"1,790.00",15.80,49.43,"102,820.00",3.20,26.70,32.52,47.22,61.98,79.87,"55,540.00","67,650.00","98,210.00","128,910.00","166,130.00",0.90,0.77
Information Security Analysts (SOC code 15-1212),Louisiana (22-00000),580.00,9.80,48.69,"101,280.00",9.30,30.47,35.49,42.41,51.56,63.66,"63,370.00","73,830.00","88,200.00","107,250.00","132,410.00",0.30,0.26
Information Security Analysts (SOC code 15-1212),Maine (23-00000),270.00,16.40,47.80,"99,420.00",6.00,29.13,35.53,45.05,62.29,65.87,"60,590.00","73,890.00","93,710.00","129,560.00","137,000.00",0.42,0.36
Information Security Analysts (SOC code 15-1212),Maryland (24-00000),"8,770.00",9.40,69.93,"145,450.00",3.80,38.51,50.59,67.54,84.32,99.51,"80,100.00","105,230.00","140,480.00","175,390.00","206,980.00",3.19,2.74
Information Security Analysts (SOC code 15-1212),Massachusetts (25-00000),"5,780.00",12.00,62.19,"129,350.00",2.20,38.12,48.91,61.35,77.86,85.97,"79,290.00","101,730.00","127,610.00","161,940.00","178,810.00",1.59,1.36
Information Security Analysts (SOC code 15-1212),Michigan (26-00000),"3,120.00",7.40,51.75,"107,630.00",3.40,29.48,38.42,50.26,62.09,78.89,"61,310.00","79,920.00","104,540.00","129,150.00","164,100.00",0.71,0.61
Information Security Analysts (SOC code 15-1212),Minnesota (27-00000),"2,550.00",3.80,60.65,"126,150.00",1.20,38.13,47.74,61.94,70.13,81.23,"79,300.00","99,300.00","128,830.00","145,860.00","168,960.00",0.87,0.75
Information Security Analysts (SOC code 15-1212),Mississippi (28-00000),560.00,20.70,43.23,"89,910.00",7.30,24.43,28.96,40.69,50.88,64.67,"50,810.00","60,240.00","84,640.00","105,830.00","134,520.00",0.49,0.42
Information Security Analysts (SOC code 15-1212),Missouri (29-00000),"2,560.00",9.30,51.56,"107,250.00",2.20,28.62,37.60,49.25,62.89,76.39,"59,530.00","78,210.00","102,440.00","130,810.00","158,880.00",0.88,0.75
Information Security Analysts (SOC code 15-1212),Montana (30-00000),8.00,8.00,47.86,"99,560.00",8.80,34.10,41.87,41.87,49.35,66.12,"70,920.00","87,100.00","87,100.00","102,650.00","137,540.00",8.00,8.00
Information Security Analysts (SOC code 15-1212),Nebraska (31-00000),"1,120.00",10.20,49.67,"103,310.00",2.60,32.69,40.92,45.90,58.83,68.49,"67,990.00","85,120.00","95,470.00","122,360.00","142,470.00",1.10,0.95
Information Security Analysts (SOC code 15-1212),Nevada (32-00000),"1,570.00",26.60,53.53,"111,340.00",9.40,23.82,38.64,51.22,65.73,82.90,"49,550.00","80,380.00","106,530.00","136,710.00","172,440.00",1.03,0.88
Information Security Analysts (SOC code 15-1212),New Hampshire (33-00000),730.00,10.50,61.56,"128,040.00",5.30,36.02,47.37,62.35,76.14,87.14,"74,920.00","98,540.00","129,690.00","158,360.00","181,260.00",1.06,0.91
Information Security Analysts (SOC code 15-1212),New Jersey (34-00000),"4,730.00",6.30,67.85,"141,130.00",1.30,40.31,52.08,65.09,80.89,95.22,"83,840.00","108,320.00","135,390.00","168,240.00","198,050.00",1.11,0.96
Information Security Analysts (SOC code 15-1212),New Mexico (35-00000),"1,760.00",6.90,63.09,"131,220.00",1.60,40.31,49.01,64.32,79.95,85.75,"83,840.00","101,940.00","133,780.00","166,300.00","178,370.00",2.05,1.76
Information Security Analysts (SOC code 15-1212),New York (36-00000),"8,860.00",4.30,67.09,"139,540.00",1.20,38.72,47.27,63.03,81.84,101.55,"80,540.00","98,320.00","131,100.00","170,220.00","211,230.00",0.93,0.80
Information Security Analysts (SOC code 15-1212),North Carolina (37-00000),"6,850.00",6.60,58.80,"122,310.00",3.60,31.38,42.58,58.21,70.69,82.92,"65,260.00","88,560.00","121,070.00","147,030.00","172,470.00",1.40,1.20
Information Security Analysts (SOC code 15-1212),North Dakota (38-00000),340.00,38.00,48.66,"101,200.00",7.10,32.81,43.04,54.01,54.01,54.62,"68,240.00","89,520.00","112,330.00","112,330.00","113,600.00",0.80,0.69
Information Security Analysts (SOC code 15-1212),Ohio (39-00000),"5,070.00",4.80,55.58,"115,600.00",1.70,32.29,40.14,51.72,66.07,79.79,"67,150.00","83,480.00","107,570.00","137,430.00","165,970.00",0.92,0.79
Information Security Analysts (SOC code 15-1212),Oklahoma (40-00000),"1,270.00",8.20,44.42,"92,390.00",4.80,16.31,27.64,41.59,56.49,74.36,"33,910.00","57,490.00","86,500.00","117,500.00","154,670.00",0.75,0.64
Information Security Analysts (SOC code 15-1212),Oregon (41-00000),"1,370.00",17.90,63.67,"132,430.00",4.30,37.47,45.02,57.21,73.50,105.31,"77,940.00","93,650.00","119,000.00","152,880.00","219,040.00",0.69,0.60
Information Security Analysts (SOC code 15-1212),Pennsylvania (42-00000),"4,420.00",7.30,55.22,"114,870.00",4.00,29.94,38.31,53.00,66.30,81.44,"62,270.00","79,670.00","110,230.00","137,900.00","169,390.00",0.74,0.63
Information Security Analysts (SOC code 15-1212),Puerto Rico (72-00000),470.00,10.50,29.90,"62,190.00",3.90,14.16,21.53,28.62,39.10,47.64,"29,460.00","44,780.00","59,520.00","81,330.00","99,080.00",0.50,0.43
Information Security Analysts (SOC code 15-1212),Rhode Island (44-00000),880.00,19.50,56.26,"117,010.00",2.80,34.60,41.24,52.60,68.12,77.32,"71,970.00","85,790.00","109,410.00","141,690.00","160,820.00",1.78,1.53
Information Security Analysts (SOC code 15-1212),South Carolina (45-00000),"1,470.00",34.80,8.00,8.00,8.00,8.00,8.00,8.00,8.00,8.00,8.00,8.00,8.00,8.00,8.00,0.65,0.56
Information Security Analysts (SOC code 15-1212),South Dakota (46-00000),430.00,13.80,50.06,"104,120.00",5.50,35.79,41.52,49.67,55.43,67.18,"74,430.00","86,360.00","103,310.00","115,300.00","139,730.00",0.94,0.81
Information Security Analysts (SOC code 15-1212),Tennessee (47-00000),"2,730.00",6.40,53.77,"111,840.00",2.50,32.34,38.71,48.55,63.91,79.31,"67,260.00","80,520.00","100,990.00","132,930.00","164,970.00",0.83,0.72
Information Security Analysts (SOC code 15-1212),Texas (48-00000),"14,730.00",4.20,60.96,"126,800.00",3.10,34.85,46.17,60.08,72.01,83.34,"72,490.00","96,020.00","124,970.00","149,780.00","173,350.00",1.06,0.91
Information Security Analysts (SOC code 15-1212),Utah (49-00000),"1,720.00",9.00,48.76,"101,430.00",4.10,23.51,35.00,46.72,61.53,76.34,"48,900.00","72,800.00","97,180.00","127,980.00","158,780.00",1.00,0.86
Information Security Analysts (SOC code 15-1212),Vermont (50-00000),80.00,12.10,46.06,"95,800.00",4.80,29.19,32.25,41.73,52.37,70.88,"60,720.00","67,080.00","86,810.00","108,940.00","147,420.00",0.26,0.22
Information Security Analysts (SOC code 15-1212),Virginia (51-00000),"18,670.00",5.80,65.71,"136,680.00",1.80,36.58,48.85,63.68,80.05,97.46,"76,080.00","101,610.00","132,460.00","166,510.00","202,720.00",4.59,3.95
Information Security Analysts (SOC code 15-1212),Washington (53-00000),"6,830.00",22.80,69.30,"144,140.00",4.70,35.20,56.27,68.71,81.42,97.25,"73,220.00","117,040.00","142,920.00","169,350.00","202,270.00",1.93,1.66
Information Security Analysts (SOC code 15-1212),West Virginia (54-00000),270.00,16.40,49.89,"103,770.00",3.90,29.78,38.40,51.84,59.50,68.10,"61,940.00","79,870.00","107,820.00","123,770.00","141,660.00",0.38,0.33
Information Security Analysts (SOC code 15-1212),Wisconsin (55-00000),"1,760.00",8.00,51.09,"106,260.00",2.80,30.85,38.29,47.70,61.91,77.56,"64,170.00","79,640.00","99,210.00","128,770.00","161,330.00",0.60,0.52
Information Security Analysts (SOC code 15-1212),Wyoming (56-00000),8.00,8.00,58.93,"122,570.00",18.10,30.63,39.59,58.31,77.72,92.49,"63,700.00","82,350.00","121,290.00","161,650.00","192,380.00",8.00,8.00